active,shipping_return,attribute,batchno,brand,category,combo_products,created_date,deal,desc,featured,file,height,length,manage_stock,master_category,name,options,packaging_charge,point,price,product_types,return_day,returnable,selling_price,shelving_location,short_desc,sku,slug,stock_qty,sub_category,tags,tax_status,vendor,video_url,weight,width,margins,vendor_sku,start_date,end_date,bin_location,fulfilment_center,mfg_date,expiry_date,up_code,hs_code,country_of_origin,unit_cost,details,profit_margin
1,"<p><span style=""font-family:Helvetica Neue""><span style=""font-size:small""><span style=""color:#000000"">Details:</span></span></span></p>

<p><span style=""font-family:Helvetica Neue""><span style=""font-size:small""><span style=""color:#000000"">UAE Delivery</span></span></span></p>

<p><span style=""font-family:Helvetica Neue""><span style=""font-size:small""><span style=""color:#000000"">Next Day Delivery</span></span></span></p>

<p><span style=""font-family:Helvetica Neue""><span style=""font-size:small""><span style=""color:#000000"">Free delivery for orders 200 AED and above.</span></span></span></p>

<p><span style=""font-family:Helvetica Neue""><span style=""font-size:small""><span style=""color:#000000"">15 AED shipping fee for orders below 200 AED.</span></span></span></p>

<p>&nbsp;</p>

<p><span style=""font-family:Helvetica Neue""><span style=""font-size:small""><span style=""color:#000000"">International Delivery</span></span></span></p>

<p><span style=""font-family:Helvetica Neue""><span style=""font-size:small""><span style=""color:#000000"">4-10 days delivery</span></span></span></p>

<p><span style=""font-family:Helvetica Neue""><span style=""font-size:small""><span style=""color:#000000"">Free delivery for orders 200 AED and above.</span></span></span></p>

<p><span style=""font-family:Helvetica Neue""><span style=""font-size:small""><span style=""color:#000000"">Charges depending on the country of purchase</span></span></span></p>

<p>&nbsp;</p>

<p><span style=""font-family:Helvetica Neue""><span style=""font-size:small""><span style=""color:#000000"">All deliveries are offered based on availability.</span></span></span></p>

<p>&nbsp;</p>

<p><span style=""font-family:Helvetica Neue""><span style=""font-size:small""><span style=""color:#000000"">Non-Returnable Item</span></span></span></p>

<p><span style=""font-family:Helvetica Neue""><span style=""font-size:small""><span style=""color:#000000"">This item cannot be returned.</span></span></span></p>",,1,63a93caead84807825fe4e2b,"625d05bfad10bc2c6a9bb90e,625d1331ad10bc2c6a9bbd51",,2023-01-04T10:21:30.928Z,1,"<p><span style=""font-family:Helvetica Neue""><span style=""font-size:small""><span style=""color:#000000"">Amino acids are the building blocks of proteins. In the body, they are composed of long protein chains. These are among the most important components in the human body and they are involved in a multitude of vital processes. </span></span></span></p>

<p><span style=""font-family:Helvetica Neue""><span style=""font-size:small""><span style=""color:#000000"">Amino Vida contains very pure, crystalline amino acids from pulses of natural origin. It is classified as vegan and is additive free. Amino Vida provides the human body with an optimal amino acid combination and is almost calorie-free. It is bio available to the body shortly after ingestion. </span></span></span></p>

<p><span style=""font-family:Helvetica Neue""><span style=""font-size:small""><span style=""color:#000000"">Amino Vida contains all eight essential amino acids L-leucine, L-valine, L-isoleucine, L-lysine, L-phenylalanine, L-threonine, L-methionine and L-tryptophan as well as the semi-essential amino acid, L-arginine. L-arginine is deemed semiessential as it can be synthesised by the human body. In certain circum- stances (e.g. age, growth phases, diseases, or physical activi- ty), L-arginine can also become essential to the body. </span></span></span></p>

<p><span style=""font-family:Helvetica Neue""><span style=""font-size:small""><span style=""color:#000000"">Amino Vida contains all essential amino acids and is ideal for people with an increased demand, e.g.: </span></span></span></p>

<p><span style=""font-family:Helvetica Neue""><span style=""font-size:small""><span style=""color:#000000"">high physical exertion &ndash; i.e. sports people vegetarian or vegan lifestyle<br />
those with special dietary nutrition programs who desires the optimal uptake of amino acids. </span></span></span></p>

<p><span style=""font-family:Helvetica Neue""><span style=""font-size:small""><span style=""color:#000000"">For people who should not take in L-tryptophan for dietary reasons, Amino Vida is also available in a variant without L- tryptophan: Amino Eight. </span></span></span></p>",1,1.jpg,60,50,1,"61bd25a466538a1c1f366ac3,615ae18463d6a6435a183dcc",Amino Vida,"[
    {
      ""name"": ""Colour"",
      ""value"": ""#000000:3:846549:100, #c54245:12:846549:100""
    },
{
      ""name"": ""Size"",
      ""value"": “M:10:846549:100""
    }
  ]",10,0.5,238,6278b274b79069754ca2b7b0,3,1,190.4,Isle - 10,Amino Acids From Pulses,846549,,100,"62e21370dd581c4c30360cf6,62e21397dd581c4c30360d04",,,63a93d06ad84807825fe4e34,https://youtube.com/shorts/_turRYAvbIU?feature=share,0.12,44,0,3945867,2023-01-01T01:10:30.928Z,2023-01-31T23:59:59.928Z,Zone-1,Abu Dhabi,2022-05-19T23:59:59.928Z,2024-10-20T23:59:59.928Z,ABC123,AA123,Switzerland,71.4,"240 tablets each containing 500 mg of amino acids. Net weight 120 g.
Amino Vida
8 essential amino acids plus
L-Arginine, incl. L-Tryptophan
Amino Eight
7 essential amino acids plus L-Arginine, without L-Tryptophan",20
1,"<p><span style=""font-family:Helvetica Neue""><span style=""font-size:small""><span style=""color:#000000"">Details:</span></span></span></p>

<p><span style=""font-family:Helvetica Neue""><span style=""font-size:small""><span style=""color:#000000"">UAE Delivery</span></span></span></p>

<p><span style=""font-family:Helvetica Neue""><span style=""font-size:small""><span style=""color:#000000"">Next Day Delivery</span></span></span></p>

<p><span style=""font-family:Helvetica Neue""><span style=""font-size:small""><span style=""color:#000000"">Free delivery for orders 200 AED and above.</span></span></span></p>

<p><span style=""font-family:Helvetica Neue""><span style=""font-size:small""><span style=""color:#000000"">15 AED shipping fee for orders below 200 AED.</span></span></span></p>

<p>&nbsp;</p>

<p><span style=""font-family:Helvetica Neue""><span style=""font-size:small""><span style=""color:#000000"">International Delivery</span></span></span></p>

<p><span style=""font-family:Helvetica Neue""><span style=""font-size:small""><span style=""color:#000000"">4-10 days delivery</span></span></span></p>

<p><span style=""font-family:Helvetica Neue""><span style=""font-size:small""><span style=""color:#000000"">Free delivery for orders 200 AED and above.</span></span></span></p>

<p><span style=""font-family:Helvetica Neue""><span style=""font-size:small""><span style=""color:#000000"">Charges depending on the country of purchase</span></span></span></p>

<p>&nbsp;</p>

<p><span style=""font-family:Helvetica Neue""><span style=""font-size:small""><span style=""color:#000000"">All deliveries are offered based on availability.</span></span></span></p>

<p>&nbsp;</p>

<p><span style=""font-family:Helvetica Neue""><span style=""font-size:small""><span style=""color:#000000"">Non-Returnable Item</span></span></span></p>

<p><span style=""font-family:Helvetica Neue""><span style=""font-size:small""><span style=""color:#000000"">This item cannot be returned.</span></span></span></p>",,2,63a93caead84807825fe4e2b,"625d05bfad10bc2c6a9bb90e,625d1331ad10bc2c6a9bbd51",,2023-01-04T10:21:30.928Z,1,"<p><span style=""font-family:Helvetica Neue""><span style=""font-size:small""><span style=""color:#000000"">Our Aronia Shot contains the extract of a hand- ful of sun-ripened, hand-picked Aronia berries. These grow on farms in Switzerland, are carefully harvested, processed freshly harvested and gen- tly made into a concentrated extract. Pure nature from Switzerland!</span></span></span></p>

<p><span style=""font-family:Helvetica Neue""><span style=""font-size:small""><span style=""color:#000000"">The Aronia berry has a remarkably high content of OPC, when compared to other fruits. These secondary plant substances (OPCs) are scientifi- cally very well documented and are retained in the highly concentrated, water-soluble extract. Our Aronia Shot is packaged in sticks and can now, for example, be added to a sports drink. Do not mix up the term extract and pomace. Pomace is not highly concentrated, but simply dried and therefore contains much less of the potent ingre- dients, like OPC.</span></span></span></p>",1,3.jpg,60,50,1,"61bd25a466538a1c1f366ac3,615ae18463d6a6435a183dcc",Aronia Vida,"[
    {
      ""name"": ""Colour"",
      ""value"": ""#000000:3:847521:100, #c54245:12:847521:100""
    },
{
      ""name"": ""Size"",
      ""value"": “M:10:847521:100""
    }
  ]",10,0.5,289,6278b274b79069754ca2b7b0,3,1,231.2,Isle - 10,Water Soluble Aronia-Extract,847521,,100,"62e21370dd581c4c30360cf6,62e21397dd581c4c30360d04",,,63a93d06ad84807825fe4e34,https://youtube.com/shorts/_turRYAvbIU?feature=share,0.12,44,0,3942929,2023-01-01T01:10:30.928Z,2023-01-31T23:59:59.928Z,Zone-1,Abu Dhabi,2022-05-19T23:59:59.928Z,2024-10-20T23:59:59.928Z,ABC123,AA123,Switzerland,86.7,"Water soluble sticks each containing 1000 mg Swiss cultivated Aronia berry extract. Available in 2 sizes – 10 or 30 sticks.
100% Aronia extract
100% Swiss cultivated
100% natural",20
1,"<p><span style=""font-family:Helvetica Neue""><span style=""font-size:small""><span style=""color:#000000"">Details:</span></span></span></p>

<p><span style=""font-family:Helvetica Neue""><span style=""font-size:small""><span style=""color:#000000"">UAE Delivery</span></span></span></p>

<p><span style=""font-family:Helvetica Neue""><span style=""font-size:small""><span style=""color:#000000"">Next Day Delivery</span></span></span></p>

<p><span style=""font-family:Helvetica Neue""><span style=""font-size:small""><span style=""color:#000000"">Free delivery for orders 200 AED and above.</span></span></span></p>

<p><span style=""font-family:Helvetica Neue""><span style=""font-size:small""><span style=""color:#000000"">15 AED shipping fee for orders below 200 AED.</span></span></span></p>

<p>&nbsp;</p>

<p><span style=""font-family:Helvetica Neue""><span style=""font-size:small""><span style=""color:#000000"">International Delivery</span></span></span></p>

<p><span style=""font-family:Helvetica Neue""><span style=""font-size:small""><span style=""color:#000000"">4-10 days delivery</span></span></span></p>

<p><span style=""font-family:Helvetica Neue""><span style=""font-size:small""><span style=""color:#000000"">Free delivery for orders 200 AED and above.</span></span></span></p>

<p><span style=""font-family:Helvetica Neue""><span style=""font-size:small""><span style=""color:#000000"">Charges depending on the country of purchase</span></span></span></p>

<p>&nbsp;</p>

<p><span style=""font-family:Helvetica Neue""><span style=""font-size:small""><span style=""color:#000000"">All deliveries are offered based on availability.</span></span></span></p>

<p>&nbsp;</p>

<p><span style=""font-family:Helvetica Neue""><span style=""font-size:small""><span style=""color:#000000"">Non-Returnable Item</span></span></span></p>

<p><span style=""font-family:Helvetica Neue""><span style=""font-size:small""><span style=""color:#000000"">This item cannot be returned.</span></span></span></p>",,3,63a93caead84807825fe4e2b,"625d05bfad10bc2c6a9bb90e,625d1331ad10bc2c6a9bbd51",,2023-01-04T10:21:30.928Z,1,"<p><span style=""font-family:Helvetica Neue""><span style=""font-size:small""><span style=""color:#000000"">Eisen Vida contains microencapsulated iron and an iron-containing extract from the curry leaf. Iron contributes to the formation of red blood cells and the reduction of fatigue. It is an essen- tial component of the blood pigment haemoglo- bin, which is responsible for the transport of oxygen from the lungs to the body cells.</span></span></span></p>

<p><span style=""font-family:Helvetica Neue""><span style=""font-size:small""><span style=""color:#000000"">Iron is generally ingested with food. However, young women have a higher iron requirement for physiological reasons. The same applies to adole- scents in growth. In the case of Eisen Vida, a spe- cially developed and tested formula ensures the highest possible bioavailability. An iron microen- capsulated in lecithin - is combined with iron- containing curry leaf extract in organic quality. By means of special processing the result is a natural product.</span></span></span></p>",1,4.jpg,60,50,1,"61bd25a466538a1c1f366ac3,615ae18463d6a6435a183dcc",Eisen Vida,"[
    {
      ""name"": ""Colour"",
      ""value"": ""#000000:3:848493:100, #c54245:12:848493:100""
    },
{
      ""name"": ""Size"",
      ""value"": “M:10:848493:100""
    }
  ]",10,0.5,143,6278b274b79069754ca2b7b0,3,1,114.4,Isle - 10,Reduces Fatigue,848493,,100,"62e21370dd581c4c30360cf6,62e21397dd581c4c30360d04",,,63a93d06ad84807825fe4e34,https://youtube.com/shorts/_turRYAvbIU?feature=share,0.12,44,0,3939991,2023-01-01T01:10:30.928Z,2023-01-31T23:59:59.928Z,Zone-1,Abu Dhabi,2022-05-19T23:59:59.928Z,2024-10-20T23:59:59.928Z,ABC123,AA123,Switzerland,42.9,"100 capsules with 14mg iron each from bioavaila- ble source (microencapsulated iron and curry leaf extract). Net content 58 g.
Especially high bioavailability
With vitamin C, which additionally promotes",20
1,"<p><span style=""font-family:Helvetica Neue""><span style=""font-size:small""><span style=""color:#000000"">Details:</span></span></span></p>

<p><span style=""font-family:Helvetica Neue""><span style=""font-size:small""><span style=""color:#000000"">UAE Delivery</span></span></span></p>

<p><span style=""font-family:Helvetica Neue""><span style=""font-size:small""><span style=""color:#000000"">Next Day Delivery</span></span></span></p>

<p><span style=""font-family:Helvetica Neue""><span style=""font-size:small""><span style=""color:#000000"">Free delivery for orders 200 AED and above.</span></span></span></p>

<p><span style=""font-family:Helvetica Neue""><span style=""font-size:small""><span style=""color:#000000"">15 AED shipping fee for orders below 200 AED.</span></span></span></p>

<p>&nbsp;</p>

<p><span style=""font-family:Helvetica Neue""><span style=""font-size:small""><span style=""color:#000000"">International Delivery</span></span></span></p>

<p><span style=""font-family:Helvetica Neue""><span style=""font-size:small""><span style=""color:#000000"">4-10 days delivery</span></span></span></p>

<p><span style=""font-family:Helvetica Neue""><span style=""font-size:small""><span style=""color:#000000"">Free delivery for orders 200 AED and above.</span></span></span></p>

<p><span style=""font-family:Helvetica Neue""><span style=""font-size:small""><span style=""color:#000000"">Charges depending on the country of purchase</span></span></span></p>

<p>&nbsp;</p>

<p><span style=""font-family:Helvetica Neue""><span style=""font-size:small""><span style=""color:#000000"">All deliveries are offered based on availability.</span></span></span></p>

<p>&nbsp;</p>

<p><span style=""font-family:Helvetica Neue""><span style=""font-size:small""><span style=""color:#000000"">Non-Returnable Item</span></span></span></p>

<p><span style=""font-family:Helvetica Neue""><span style=""font-size:small""><span style=""color:#000000"">This item cannot be returned.</span></span></span></p>",,4,63a93caead84807825fe4e2b,"625d05bfad10bc2c6a9bb90e,625d1331ad10bc2c6a9bbd51",,2023-01-04T10:21:30.928Z,1,"<p><span style=""font-family:Helvetica Neue""><span style=""font-size:small""><span style=""color:#000000"">Krill Vida contains pure oil from Antarctic krill (Euphausia superba). This oil has remarkable quantities of the ome- ga-3 fatty acids EPA (eicosapentaenoic acid) and DHA (do- cosahexaenoic acid). Both acids are required by the body, but can only be produced to a limited extent by the body itself. EPA und DHA promote a normal heart function (when 3 capsules of Krill Vida are taken daily).</span></span></span></p>

<p><span style=""font-family:Helvetica Neue""><span style=""font-size:small""><span style=""color:#000000"">Due to other ingredients, the omega-3 acids in krill oil are slightly more water soluble than those found in fish oil. This has consequences for the compatibility, digestion and absorption of the oil. As studies* show, krill oil is better absorbed by the body than fish oil. Krill oil also contains Astaxanthin which, owing to its composition, protects the omega-3 acids from oxidation. Our krill oil comes from sus- tainable and controlled sources. The capsule casings are made from fish gelatine.</span></span></span></p>",1,6.jpg,60,50,1,"61bd25a466538a1c1f366ac3,615ae18463d6a6435a183dcc",Krill Vida,"[
    {
      ""name"": ""Colour"",
      ""value"": ""#000000:3:849465:100, #c54245:12:849465:100""
    },
{
      ""name"": ""Size"",
      ""value"": “M:10:849465:100""
    }
  ]",10,0.5,234,6278b274b79069754ca2b7b0,3,1,187.2,Isle - 10,Omega-3-Fatty Acids From The Antarctic,849465,,100,"62e21370dd581c4c30360cf6,62e21397dd581c4c30360d04",,,63a93d06ad84807825fe4e34,https://youtube.com/shorts/_turRYAvbIU?feature=share,0.12,44,0,3937053,2023-01-01T01:10:30.928Z,2023-01-31T23:59:59.928Z,Zone-1,Abu Dhabi,2022-05-19T23:59:59.928Z,2024-10-20T23:59:59.928Z,ABC123,AA123,Switzerland,70.2,"120 capsules each containing 500mg pure Krill oil. Capsule casings consists of fish gelatine. Net weight 87 g.
1 capsule contains: 134mg omega-3 acids, 78mg of which are EPA and 47 mg DHA
0.53 mg Astaxanthin
Contains protein from crustaceans",20
1,"<p><span style=""font-family:Helvetica Neue""><span style=""font-size:small""><span style=""color:#000000"">Details:</span></span></span></p>

<p><span style=""font-family:Helvetica Neue""><span style=""font-size:small""><span style=""color:#000000"">UAE Delivery</span></span></span></p>

<p><span style=""font-family:Helvetica Neue""><span style=""font-size:small""><span style=""color:#000000"">Next Day Delivery</span></span></span></p>

<p><span style=""font-family:Helvetica Neue""><span style=""font-size:small""><span style=""color:#000000"">Free delivery for orders 200 AED and above.</span></span></span></p>

<p><span style=""font-family:Helvetica Neue""><span style=""font-size:small""><span style=""color:#000000"">15 AED shipping fee for orders below 200 AED.</span></span></span></p>

<p>&nbsp;</p>

<p><span style=""font-family:Helvetica Neue""><span style=""font-size:small""><span style=""color:#000000"">International Delivery</span></span></span></p>

<p><span style=""font-family:Helvetica Neue""><span style=""font-size:small""><span style=""color:#000000"">4-10 days delivery</span></span></span></p>

<p><span style=""font-family:Helvetica Neue""><span style=""font-size:small""><span style=""color:#000000"">Free delivery for orders 200 AED and above.</span></span></span></p>

<p><span style=""font-family:Helvetica Neue""><span style=""font-size:small""><span style=""color:#000000"">Charges depending on the country of purchase</span></span></span></p>

<p>&nbsp;</p>

<p><span style=""font-family:Helvetica Neue""><span style=""font-size:small""><span style=""color:#000000"">All deliveries are offered based on availability.</span></span></span></p>

<p>&nbsp;</p>

<p><span style=""font-family:Helvetica Neue""><span style=""font-size:small""><span style=""color:#000000"">Non-Returnable Item</span></span></span></p>

<p><span style=""font-family:Helvetica Neue""><span style=""font-size:small""><span style=""color:#000000"">This item cannot be returned.</span></span></span></p>",,5,63a93caead84807825fe4e2b,"625d05bfad10bc2c6a9bb90e,625d1331ad10bc2c6a9bbd51",,2023-01-04T10:21:30.928Z,1,"<p><span style=""font-family:Helvetica Neue""><span style=""font-size:small""><span style=""color:#000000"">Magnesium is a mineral that is involved in a vari- ety of processes in the body. Magnesium exists in the form of various salts, which differ in terms of their bioavailability and its share of Magnesium distinguish. Magnesium Vida contains 187mg el- emental magnesium per capsule. </span></span></span></p>

<p><span style=""font-family:Helvetica Neue""><span style=""font-size:small""><span style=""color:#000000"">60 capsules with magnesium-taurate (270 mg), -chloride (265 mg), -malate (250 mg) and -car- bonate (235 mg). 187 mg elemental magnesium per capsule. Magnesium Vida is suitable for a ve- gan diet and contains no fillers or additives. Net weight 65 g.</span></span></span></p>",1,7.jpg,60,50,1,"61bd25a466538a1c1f366ac3,615ae18463d6a6435a183dcc",Magnesium Vida,"[
    {
      ""name"": ""Colour"",
      ""value"": ""#000000:3:850437:100, #c54245:12:850437:100""
    },
{
      ""name"": ""Size"",
      ""value"": “M:10:850437:100""
    }
  ]",10,0.5,199,6278b274b79069754ca2b7b0,3,1,159.2,Isle - 10,High Bioavailable Magnesium For Muscles And Nerves,850437,,100,"62e21370dd581c4c30360cf6,62e21397dd581c4c30360d04",,,63a93d06ad84807825fe4e34,https://youtube.com/shorts/_turRYAvbIU?feature=share,0.12,44,0,3934115,2023-01-01T01:10:30.928Z,2023-01-31T23:59:59.928Z,Zone-1,Abu Dhabi,2022-05-19T23:59:59.928Z,2024-10-20T23:59:59.928Z,ABC123,AA123,Switzerland,59.7,"Magnesium Vida plays a positive role in the following:
preservation of bones and teeth normal psychological function the normal functioning of the nervous system normal energy metabolism reduction of fatigue and tiredness electrolyte balance",20
1,"<p><span style=""font-family:Helvetica Neue""><span style=""font-size:small""><span style=""color:#000000"">Details:</span></span></span></p>

<p><span style=""font-family:Helvetica Neue""><span style=""font-size:small""><span style=""color:#000000"">UAE Delivery</span></span></span></p>

<p><span style=""font-family:Helvetica Neue""><span style=""font-size:small""><span style=""color:#000000"">Next Day Delivery</span></span></span></p>

<p><span style=""font-family:Helvetica Neue""><span style=""font-size:small""><span style=""color:#000000"">Free delivery for orders 200 AED and above.</span></span></span></p>

<p><span style=""font-family:Helvetica Neue""><span style=""font-size:small""><span style=""color:#000000"">15 AED shipping fee for orders below 200 AED.</span></span></span></p>

<p>&nbsp;</p>

<p><span style=""font-family:Helvetica Neue""><span style=""font-size:small""><span style=""color:#000000"">International Delivery</span></span></span></p>

<p><span style=""font-family:Helvetica Neue""><span style=""font-size:small""><span style=""color:#000000"">4-10 days delivery</span></span></span></p>

<p><span style=""font-family:Helvetica Neue""><span style=""font-size:small""><span style=""color:#000000"">Free delivery for orders 200 AED and above.</span></span></span></p>

<p><span style=""font-family:Helvetica Neue""><span style=""font-size:small""><span style=""color:#000000"">Charges depending on the country of purchase</span></span></span></p>

<p>&nbsp;</p>

<p><span style=""font-family:Helvetica Neue""><span style=""font-size:small""><span style=""color:#000000"">All deliveries are offered based on availability.</span></span></span></p>

<p>&nbsp;</p>

<p><span style=""font-family:Helvetica Neue""><span style=""font-size:small""><span style=""color:#000000"">Non-Returnable Item</span></span></span></p>

<p><span style=""font-family:Helvetica Neue""><span style=""font-size:small""><span style=""color:#000000"">This item cannot be returned.</span></span></span></p>",,6,63a93caead84807825fe4e2b,"625d05bfad10bc2c6a9bb90e,625d1331ad10bc2c6a9bbd51",,2023-01-04T10:21:30.928Z,1,"<p><span style=""font-family:Helvetica Neue""><span style=""font-size:small""><span style=""color:#000000"">Mulberry trees are among the longest known plants in the world, that have a physiologically positive effect on the human body. They have been known of in the traditional Chinese food philosophy for over 5000 years. Mulberry leaves contain many secondary plant substances, in- cluding, for example, the typical mulberry DNJ (1-desoxynojirimycin) or glutamic acid.</span></span></span></p>

<p><span style=""font-family:Helvetica Neue""><span style=""font-size:small""><span style=""color:#000000"">Our mulberry leaves come from the Ukraine. They are harvested and dried gently. The leaves are nei- ther irradiated nor are pesticides used. From the leaves we extract the valuable ingredients of the mulberry tree. Morus Vida contains the ingredient vitaminC which contributes to a normal energy metabolism.</span></span></span></p>",1,8.jpg,60,50,1,"61bd25a466538a1c1f366ac3,615ae18463d6a6435a183dcc",Morus Vida,"[
    {
      ""name"": ""Colour"",
      ""value"": ""#000000:3:851409:100, #c54245:12:851409:100""
    },
{
      ""name"": ""Size"",
      ""value"": “M:10:851409:100""
    }
  ]",10,0.5,194,6278b274b79069754ca2b7b0,3,1,155.2,Isle - 10,Mulberry Leaf Powder With Vitamin C,851409,,100,"62e21370dd581c4c30360cf6,62e21397dd581c4c30360d04",,,63a93d06ad84807825fe4e34,https://youtube.com/shorts/_turRYAvbIU?feature=share,0.12,44,0,3931177,2023-01-01T01:10:30.928Z,2023-01-31T23:59:59.928Z,Zone-1,Abu Dhabi,2022-05-19T23:59:59.928Z,2024-10-20T23:59:59.928Z,ABC123,AA123,Switzerland,58.2,"72 capsules, each containing 600 mg mulberry leaf powder and 60mg Acerola extract, 15mg of which is natural vitamin C. Net weight 49 g.
Rich in natural vitamin C from Acerola
Contains vitamin C which contributes to a normal energy metabolism
",20
1,"<p><span style=""font-family:Helvetica Neue""><span style=""font-size:small""><span style=""color:#000000"">Details:</span></span></span></p>

<p><span style=""font-family:Helvetica Neue""><span style=""font-size:small""><span style=""color:#000000"">UAE Delivery</span></span></span></p>

<p><span style=""font-family:Helvetica Neue""><span style=""font-size:small""><span style=""color:#000000"">Next Day Delivery</span></span></span></p>

<p><span style=""font-family:Helvetica Neue""><span style=""font-size:small""><span style=""color:#000000"">Free delivery for orders 200 AED and above.</span></span></span></p>

<p><span style=""font-family:Helvetica Neue""><span style=""font-size:small""><span style=""color:#000000"">15 AED shipping fee for orders below 200 AED.</span></span></span></p>

<p>&nbsp;</p>

<p><span style=""font-family:Helvetica Neue""><span style=""font-size:small""><span style=""color:#000000"">International Delivery</span></span></span></p>

<p><span style=""font-family:Helvetica Neue""><span style=""font-size:small""><span style=""color:#000000"">4-10 days delivery</span></span></span></p>

<p><span style=""font-family:Helvetica Neue""><span style=""font-size:small""><span style=""color:#000000"">Free delivery for orders 200 AED and above.</span></span></span></p>

<p><span style=""font-family:Helvetica Neue""><span style=""font-size:small""><span style=""color:#000000"">Charges depending on the country of purchase</span></span></span></p>

<p>&nbsp;</p>

<p><span style=""font-family:Helvetica Neue""><span style=""font-size:small""><span style=""color:#000000"">All deliveries are offered based on availability.</span></span></span></p>

<p>&nbsp;</p>

<p><span style=""font-family:Helvetica Neue""><span style=""font-size:small""><span style=""color:#000000"">Non-Returnable Item</span></span></span></p>

<p><span style=""font-family:Helvetica Neue""><span style=""font-size:small""><span style=""color:#000000"">This item cannot be returned.</span></span></span></p>",,7,63a93caead84807825fe4e2b,"625d05bfad10bc2c6a9bb90e,625d1331ad10bc2c6a9bbd51",,2023-01-04T10:21:30.928Z,1,"<p><span style=""font-family:Helvetica Neue""><span style=""font-size:small""><span style=""color:#000000"">With every physical movement, we require at least one joint. In case of continuous overload, deformity or with increasing age, wear phenom- ena can occur and the joint mobility is restricted. In particular, athletes and people of advanced age should therefore pay attention to maintaining their joint mobility.</span></span></span></p>

<p><span style=""font-family:Helvetica Neue""><span style=""font-size:small""><span style=""color:#000000"">MSM Vida contains Glucosamine and Chondroi- tin. Both are important components of joint car- tilage. A sufficient supply of Glucosamine and Chondroitin can serve to maintain the joint mobil- ity. Furthermore, MSM Vida contains MSM, a bodyspecific sulfur compound. Sulphur is a com- ponent of the mucous membrane in the joint cap- sule (synovia), the joint fluid and the joint carti- lage. In addition, we have added some Manganese and Vitamin E to MSM Vida. Manganese contrib- utes to normal connective tissue formation and to the maintenance of normal bones.</span></span></span></p>",1,10.jpg,60,50,1,"61bd25a466538a1c1f366ac3,615ae18463d6a6435a183dcc",MSM Vida,"[
    {
      ""name"": ""Colour"",
      ""value"": ""#000000:3:852381:100, #c54245:12:852381:100""
    },
{
      ""name"": ""Size"",
      ""value"": “M:10:852381:100""
    }
  ]",10,0.5,154,6278b274b79069754ca2b7b0,3,1,123.2,Isle - 10,For Maintaining Your Joint Mobility,852381,,100,"62e21370dd581c4c30360cf6,62e21397dd581c4c30360d04",,,63a93d06ad84807825fe4e34,https://youtube.com/shorts/_turRYAvbIU?feature=share,0.12,44,0,3928239,2023-01-01T01:10:30.928Z,2023-01-31T23:59:59.928Z,Zone-1,Abu Dhabi,2022-05-19T23:59:59.928Z,2024-10-20T23:59:59.928Z,ABC123,AA123,Switzerland,46.2,"60 capsules each containing 270 mg MSM, 305 mg Glucosamine, 210 mg Chondroitinsulfate (from fish), 0.5 mg Manganese and 5 mg Vitamin E. Net weight 59 g.
With 3 naturally occurring substances found in our joint cartilage
Contains Chondroitin harvested from fish",20
1,"<p><span style=""font-family:Helvetica Neue""><span style=""font-size:small""><span style=""color:#000000"">Details:</span></span></span></p>

<p><span style=""font-family:Helvetica Neue""><span style=""font-size:small""><span style=""color:#000000"">UAE Delivery</span></span></span></p>

<p><span style=""font-family:Helvetica Neue""><span style=""font-size:small""><span style=""color:#000000"">Next Day Delivery</span></span></span></p>

<p><span style=""font-family:Helvetica Neue""><span style=""font-size:small""><span style=""color:#000000"">Free delivery for orders 200 AED and above.</span></span></span></p>

<p><span style=""font-family:Helvetica Neue""><span style=""font-size:small""><span style=""color:#000000"">15 AED shipping fee for orders below 200 AED.</span></span></span></p>

<p>&nbsp;</p>

<p><span style=""font-family:Helvetica Neue""><span style=""font-size:small""><span style=""color:#000000"">International Delivery</span></span></span></p>

<p><span style=""font-family:Helvetica Neue""><span style=""font-size:small""><span style=""color:#000000"">4-10 days delivery</span></span></span></p>

<p><span style=""font-family:Helvetica Neue""><span style=""font-size:small""><span style=""color:#000000"">Free delivery for orders 200 AED and above.</span></span></span></p>

<p><span style=""font-family:Helvetica Neue""><span style=""font-size:small""><span style=""color:#000000"">Charges depending on the country of purchase</span></span></span></p>

<p>&nbsp;</p>

<p><span style=""font-family:Helvetica Neue""><span style=""font-size:small""><span style=""color:#000000"">All deliveries are offered based on availability.</span></span></span></p>

<p>&nbsp;</p>

<p><span style=""font-family:Helvetica Neue""><span style=""font-size:small""><span style=""color:#000000"">Non-Returnable Item</span></span></span></p>

<p><span style=""font-family:Helvetica Neue""><span style=""font-size:small""><span style=""color:#000000"">This item cannot be returned.</span></span></span></p>",,8,63a93caead84807825fe4e2b,"625d05bfad10bc2c6a9bb90e,625d1331ad10bc2c6a9bbd51",,2023-01-04T10:21:30.928Z,1,"<p><span style=""font-family:Helvetica Neue""><span style=""font-size:small""><span style=""color:#000000"">NADH (Nicotinamide adenine dinucleotide hy- drogen), also called Coenzyme 1, is found in virtu- ally every plant, animal and human cell. Together with coenzyme Q10, it is involved in energy pro- duction cycle in the mitochondria. These mito- chondria are found in every cell and provide the body with energy and is where NADH reacts with the oxygen we get from breathing. The resultant reaction forms the universal energy molecule ATP and water.</span></span></span></p>

<p><span style=""font-family:Helvetica Neue""><span style=""font-size:small""><span style=""color:#000000"">The ATP molecule can be thought of as a small battery. The ATP molecule is constantly being &ldquo;consumed&rdquo; and recharged. Our cells produce roughly our body weight of ATP, every day. The recovery and storage of energy is a central meta- bolic process that does not work without NADH. Consequently, NADH has an important physio- logical function in the human respiratory cycle. NADH with Biotin contributes to anormal energy metabolism.</span></span></span></p>",1,11.jpg,60,50,1,"61bd25a466538a1c1f366ac3,615ae18463d6a6435a183dcc",Nadh Vida,"[
    {
      ""name"": ""Colour"",
      ""value"": ""#000000:3:853353:100, #c54245:12:853353:100""
    },
{
      ""name"": ""Size"",
      ""value"": “M:10:853353:100""
    }
  ]",10,0.5,39.80,6278b274b79069754ca2b7b0,3,1,31.84,Isle - 10,Lots Of Energy Thanks To Coenzyme 1 And Biotin,853353,,100,"62e21370dd581c4c30360cf6,62e21397dd581c4c30360d04",,,63a93d06ad84807825fe4e34,https://youtube.com/shorts/_turRYAvbIU?feature=share,0.12,44,0,3925301,2023-01-01T01:10:30.928Z,2023-01-31T23:59:59.928Z,Zone-1,Abu Dhabi,2022-05-19T23:59:59.928Z,2024-10-20T23:59:59.928Z,ABC123,AA123,Switzerland,11.94,"20 mg of stabilised NADH and 20 μg Biotin. Available in two sizes: 30 or 10 tablets.
One tablet contans 20 mg of stabilised NADH
Allow the tablet to dissolve under the tongue",20
1,"<p><span style=""font-family:Helvetica Neue""><span style=""font-size:small""><span style=""color:#000000"">Details:</span></span></span></p>

<p><span style=""font-family:Helvetica Neue""><span style=""font-size:small""><span style=""color:#000000"">UAE Delivery</span></span></span></p>

<p><span style=""font-family:Helvetica Neue""><span style=""font-size:small""><span style=""color:#000000"">Next Day Delivery</span></span></span></p>

<p><span style=""font-family:Helvetica Neue""><span style=""font-size:small""><span style=""color:#000000"">Free delivery for orders 200 AED and above.</span></span></span></p>

<p><span style=""font-family:Helvetica Neue""><span style=""font-size:small""><span style=""color:#000000"">15 AED shipping fee for orders below 200 AED.</span></span></span></p>

<p>&nbsp;</p>

<p><span style=""font-family:Helvetica Neue""><span style=""font-size:small""><span style=""color:#000000"">International Delivery</span></span></span></p>

<p><span style=""font-family:Helvetica Neue""><span style=""font-size:small""><span style=""color:#000000"">4-10 days delivery</span></span></span></p>

<p><span style=""font-family:Helvetica Neue""><span style=""font-size:small""><span style=""color:#000000"">Free delivery for orders 200 AED and above.</span></span></span></p>

<p><span style=""font-family:Helvetica Neue""><span style=""font-size:small""><span style=""color:#000000"">Charges depending on the country of purchase</span></span></span></p>

<p>&nbsp;</p>

<p><span style=""font-family:Helvetica Neue""><span style=""font-size:small""><span style=""color:#000000"">All deliveries are offered based on availability.</span></span></span></p>

<p>&nbsp;</p>

<p><span style=""font-family:Helvetica Neue""><span style=""font-size:small""><span style=""color:#000000"">Non-Returnable Item</span></span></span></p>

<p><span style=""font-family:Helvetica Neue""><span style=""font-size:small""><span style=""color:#000000"">This item cannot be returned.</span></span></span></p>",,9,63a93caead84807825fe4e2b,"625d05bfad10bc2c6a9bb90e,625d1331ad10bc2c6a9bbd51",,2023-01-04T10:21:30.928Z,1,"<p><span style=""font-family:Helvetica Neue""><span style=""font-size:small""><span style=""color:#000000"">Neovital contains vitamins C, B12, E, Folate (vita- min B9) and beta-carotene (provitamin A) in a li- pid form which increases the bioavailability. Folate, vitamin C and the vitamins of the B12 group contribute to normal functioning of the immune system, reduction of fatigue and tired- ness and to the functioning of the mind. Folate and the vitamins of the B12 group also have a function in cell division. Vitamins C and E help to protect cells from oxidative stress. Vitamin C and B12 group vitamins contribute to the normal func- tioning of the nervous system and energy me- tabolism.</span></span></span></p>",1,12.jpg,60,50,1,"61bd25a466538a1c1f366ac3,615ae18463d6a6435a183dcc",Neo Vital,"[
    {
      ""name"": ""Colour"",
      ""value"": ""#000000:3:854325:100, #c54245:12:854325:100""
    },
{
      ""name"": ""Size"",
      ""value"": “M:10:854325:100""
    }
  ]",10,0.5,578,6278b274b79069754ca2b7b0,3,1,462.4,Isle - 10,Bio-Available Vitamins And Plant Compounds (Phyto-Nutrients),854325,,100,"62e21370dd581c4c30360cf6,62e21397dd581c4c30360d04",,,63a93d06ad84807825fe4e34,https://youtube.com/shorts/_turRYAvbIU?feature=share,0.12,44,0,3922363,2023-01-01T01:10:30.928Z,2023-01-31T23:59:59.928Z,Zone-1,Abu Dhabi,2022-05-19T23:59:59.928Z,2024-10-20T23:59:59.928Z,ABC123,AA123,Switzerland,173.4,"Contains vitaminC, vitamin B12, quercetin from onions, vitamin E, folic acid and Beta-carotene. Available in bottles of 250 and 450 ml.
In Neovital, the vitamins are liposomally packed in soy lecithin. This provides the possibility of improved absorption.
Contains many vitamins and secondary plant substances (phytonutrients)",20
1,"<p><span style=""font-family:Helvetica Neue""><span style=""font-size:small""><span style=""color:#000000"">Details:</span></span></span></p>

<p><span style=""font-family:Helvetica Neue""><span style=""font-size:small""><span style=""color:#000000"">UAE Delivery</span></span></span></p>

<p><span style=""font-family:Helvetica Neue""><span style=""font-size:small""><span style=""color:#000000"">Next Day Delivery</span></span></span></p>

<p><span style=""font-family:Helvetica Neue""><span style=""font-size:small""><span style=""color:#000000"">Free delivery for orders 200 AED and above.</span></span></span></p>

<p><span style=""font-family:Helvetica Neue""><span style=""font-size:small""><span style=""color:#000000"">15 AED shipping fee for orders below 200 AED.</span></span></span></p>

<p>&nbsp;</p>

<p><span style=""font-family:Helvetica Neue""><span style=""font-size:small""><span style=""color:#000000"">International Delivery</span></span></span></p>

<p><span style=""font-family:Helvetica Neue""><span style=""font-size:small""><span style=""color:#000000"">4-10 days delivery</span></span></span></p>

<p><span style=""font-family:Helvetica Neue""><span style=""font-size:small""><span style=""color:#000000"">Free delivery for orders 200 AED and above.</span></span></span></p>

<p><span style=""font-family:Helvetica Neue""><span style=""font-size:small""><span style=""color:#000000"">Charges depending on the country of purchase</span></span></span></p>

<p>&nbsp;</p>

<p><span style=""font-family:Helvetica Neue""><span style=""font-size:small""><span style=""color:#000000"">All deliveries are offered based on availability.</span></span></span></p>

<p>&nbsp;</p>

<p><span style=""font-family:Helvetica Neue""><span style=""font-size:small""><span style=""color:#000000"">Non-Returnable Item</span></span></span></p>

<p><span style=""font-family:Helvetica Neue""><span style=""font-size:small""><span style=""color:#000000"">This item cannot be returned.</span></span></span></p>",,10,63a93caead84807825fe4e2b,"625d05bfad10bc2c6a9bb90e,625d1331ad10bc2c6a9bbd51",,2023-01-04T10:21:30.928Z,1,"<p><span style=""font-family:Helvetica Neue""><span style=""font-size:small""><span style=""color:#000000"">Our fish oil originates from sustainable fishing in Norway and has a remarkably high content of the omega-3 fatty acids EPA and DHA. We also add the powerful antioxidant Astaxanthin.</span></span></span></p>

<p><span style=""font-family:Helvetica Neue""><span style=""font-size:small""><span style=""color:#000000"">Omega-3 fatty acids are unsaturated fatty acids that are essential for the human body, i.e. they are essential for life and cannot be produced by the body itself. EPA and DHA contribute to normal heart function and maintaining the normal func- tioning of the brain. Astaxanthin is a physiologi- cally active carotenoid related to Beta-carotene, Zeaxanthin and Lutein. Astaxanthin is responsi- ble for the reddish colour in our fish oil. Net con- tent 250 ml.</span></span></span></p>",1,13.jpg,60,50,1,"61bd25a466538a1c1f366ac3,615ae18463d6a6435a183dcc",Omega-3 Vida,"[
    {
      ""name"": ""Colour"",
      ""value"": ""#000000:3:855297:100, #c54245:12:855297:100""
    },
{
      ""name"": ""Size"",
      ""value"": “M:10:855297:100""
    }
  ]",10,0.5,189,6278b274b79069754ca2b7b0,3,1,151.2,Isle - 10,Fish-Oil Containing A Rich Supply Of Omega-3,855297,,100,"62e21370dd581c4c30360cf6,62e21397dd581c4c30360d04",,,63a93d06ad84807825fe4e34,https://youtube.com/shorts/_turRYAvbIU?feature=share,0.12,44,0,3919425,2023-01-01T01:10:30.928Z,2023-01-31T23:59:59.928Z,Zone-1,Abu Dhabi,2022-05-19T23:59:59.928Z,2024-10-20T23:59:59.928Z,ABC123,AA123,Switzerland,56.7,"	Contains 2750mg omega-3 and 1mg Astaxan- thin per 10 ml (= 1 tablespoon)
	Tasteless and suitable for children
	Without any heavy metals, dioxins or PCBs",20
1,"<p><span style=""font-family:Helvetica Neue""><span style=""font-size:small""><span style=""color:#000000"">Details:</span></span></span></p>

<p><span style=""font-family:Helvetica Neue""><span style=""font-size:small""><span style=""color:#000000"">UAE Delivery</span></span></span></p>

<p><span style=""font-family:Helvetica Neue""><span style=""font-size:small""><span style=""color:#000000"">Next Day Delivery</span></span></span></p>

<p><span style=""font-family:Helvetica Neue""><span style=""font-size:small""><span style=""color:#000000"">Free delivery for orders 200 AED and above.</span></span></span></p>

<p><span style=""font-family:Helvetica Neue""><span style=""font-size:small""><span style=""color:#000000"">15 AED shipping fee for orders below 200 AED.</span></span></span></p>

<p>&nbsp;</p>

<p><span style=""font-family:Helvetica Neue""><span style=""font-size:small""><span style=""color:#000000"">International Delivery</span></span></span></p>

<p><span style=""font-family:Helvetica Neue""><span style=""font-size:small""><span style=""color:#000000"">4-10 days delivery</span></span></span></p>

<p><span style=""font-family:Helvetica Neue""><span style=""font-size:small""><span style=""color:#000000"">Free delivery for orders 200 AED and above.</span></span></span></p>

<p><span style=""font-family:Helvetica Neue""><span style=""font-size:small""><span style=""color:#000000"">Charges depending on the country of purchase</span></span></span></p>

<p>&nbsp;</p>

<p><span style=""font-family:Helvetica Neue""><span style=""font-size:small""><span style=""color:#000000"">All deliveries are offered based on availability.</span></span></span></p>

<p>&nbsp;</p>

<p><span style=""font-family:Helvetica Neue""><span style=""font-size:small""><span style=""color:#000000"">Non-Returnable Item</span></span></span></p>

<p><span style=""font-family:Helvetica Neue""><span style=""font-size:small""><span style=""color:#000000"">This item cannot be returned.</span></span></span></p>",,11,63a93caead84807825fe4e2b,"625d05bfad10bc2c6a9bb90e,625d1331ad10bc2c6a9bbd51",,2023-01-04T10:21:30.928Z,1,"<p><span style=""font-family:Helvetica Neue""><span style=""font-size:small""><span style=""color:#000000"">Thanks to its natural and high-quality ingre- dients, supplemented with vitamin D and zinc, Oregano Vida is very well suited to support the immune system - especially at times when it is particularly stressed, such as in winter.</span></span></span></p>

<p><span style=""font-family:Helvetica Neue""><span style=""font-size:small""><span style=""color:#000000"">Oregano contains a wide variety of essential oils, tannins, bitter substances and other naturally oc- curring substances such as carvacrol. Thyme, with its high-quality essential oils, has always been attributed by herbalists with properties as- sociated with maintaining good health. The plant substance berberine is extracted from the root bark of barberry.</span></span></span></p>",1,14.jpg,60,50,1,"61bd25a466538a1c1f366ac3,615ae18463d6a6435a183dcc",Oregano Vida,"[
    {
      ""name"": ""Colour"",
      ""value"": ""#000000:3:856269:100, #c54245:12:856269:100""
    },
{
      ""name"": ""Size"",
      ""value"": “M:10:856269:100""
    }
  ]",10,0.5,209,6278b274b79069754ca2b7b0,3,1,167.2,Isle - 10,Supports Your Immune System,856269,,100,"62e21370dd581c4c30360cf6,62e21397dd581c4c30360d04",,,63a93d06ad84807825fe4e34,https://youtube.com/shorts/_turRYAvbIU?feature=share,0.12,44,0,3916487,2023-01-01T01:10:30.928Z,2023-01-31T23:59:59.928Z,Zone-1,Abu Dhabi,2022-05-19T23:59:59.928Z,2024-10-20T23:59:59.928Z,ABC123,AA123,Switzerland,62.7,"60 capsules with 600mg extracts each of organic oregano, organic thyme and barberry as well as zinc and vitamin D3. Net content 44 g.
With oregano and thyme in organic quality
Contributes to maintaining normal immune function with zinc and vitamin D",20
1,"<p><span style=""font-family:Helvetica Neue""><span style=""font-size:small""><span style=""color:#000000"">Details:</span></span></span></p>

<p><span style=""font-family:Helvetica Neue""><span style=""font-size:small""><span style=""color:#000000"">UAE Delivery</span></span></span></p>

<p><span style=""font-family:Helvetica Neue""><span style=""font-size:small""><span style=""color:#000000"">Next Day Delivery</span></span></span></p>

<p><span style=""font-family:Helvetica Neue""><span style=""font-size:small""><span style=""color:#000000"">Free delivery for orders 200 AED and above.</span></span></span></p>

<p><span style=""font-family:Helvetica Neue""><span style=""font-size:small""><span style=""color:#000000"">15 AED shipping fee for orders below 200 AED.</span></span></span></p>

<p>&nbsp;</p>

<p><span style=""font-family:Helvetica Neue""><span style=""font-size:small""><span style=""color:#000000"">International Delivery</span></span></span></p>

<p><span style=""font-family:Helvetica Neue""><span style=""font-size:small""><span style=""color:#000000"">4-10 days delivery</span></span></span></p>

<p><span style=""font-family:Helvetica Neue""><span style=""font-size:small""><span style=""color:#000000"">Free delivery for orders 200 AED and above.</span></span></span></p>

<p><span style=""font-family:Helvetica Neue""><span style=""font-size:small""><span style=""color:#000000"">Charges depending on the country of purchase</span></span></span></p>

<p>&nbsp;</p>

<p><span style=""font-family:Helvetica Neue""><span style=""font-size:small""><span style=""color:#000000"">All deliveries are offered based on availability.</span></span></span></p>

<p>&nbsp;</p>

<p><span style=""font-family:Helvetica Neue""><span style=""font-size:small""><span style=""color:#000000"">Non-Returnable Item</span></span></span></p>

<p><span style=""font-family:Helvetica Neue""><span style=""font-size:small""><span style=""color:#000000"">This item cannot be returned.</span></span></span></p>",,12,63a93caead84807825fe4e2b,"625d05bfad10bc2c6a9bb90e,625d1331ad10bc2c6a9bbd51",,2023-01-04T10:21:30.928Z,1,"<p><span style=""font-family:Helvetica Neue""><span style=""font-size:small""><span style=""color:#000000"">Pollen contains a variety of ingredients, including traces of vitamins, minerals, trace elements, es- sential amino and fatty acids, enzymes and sec- ondary phytonutrients. These ingredients are en- cased in a protective pollen cover which often can not be opened by the body. In Pollen Vida the protective shells are opened using a patented procedure so that they can be absorbed and used by the body.</span></span></span></p>

<p><span style=""font-family:Helvetica Neue""><span style=""font-size:small""><span style=""color:#000000"">The pollen comes from maize and pine blossoms grown in healthy and nutritious soils. The pollen is harvested using large vacuum cleaners to ensure that only the desired species from controlled cul- tivation are included &mdash; in contrast to bee pollen, which can be contaminated.</span></span></span></p>

<p><span style=""font-family:Helvetica Neue""><span style=""font-size:small""><span style=""color:#000000"">Pollen Vida, with the component vitamin C, con- tributes to the normal functioning of the im- mune system, to the reduction of fatigue and to the protection of the cells from oxidative stress.</span></span></span></p>",1,16.jpg,60,50,1,"61bd25a466538a1c1f366ac3,615ae18463d6a6435a183dcc",Pollen Vida,"[
    {
      ""name"": ""Colour"",
      ""value"": ""#000000:3:857241:100, #c54245:12:857241:100""
    },
{
      ""name"": ""Size"",
      ""value"": “M:10:857241:100""
    }
  ]",10,0.5,280,6278b274b79069754ca2b7b0,3,1,224,Isle - 10,Pollen Extract,857241,,100,"62e21370dd581c4c30360cf6,62e21397dd581c4c30360d04",,,63a93d06ad84807825fe4e34,https://youtube.com/shorts/_turRYAvbIU?feature=share,0.12,44,0,3913549,2023-01-01T01:10:30.928Z,2023-01-31T23:59:59.928Z,Zone-1,Abu Dhabi,2022-05-19T23:59:59.928Z,2024-10-20T23:59:59.928Z,ABC123,AA123,Switzerland,84,"90 capsules each containing 333 mg of unlocked pollen and 60 mg Acerola powder (containing 15 mg natural vitamin C). Net weight 44,5 g.
Opened pollen protective covers:
Leads to high bioavailability
Reduces the risk of allergies.",20
1,"<p><span style=""font-family:Helvetica Neue""><span style=""font-size:small""><span style=""color:#000000"">Details:</span></span></span></p>

<p><span style=""font-family:Helvetica Neue""><span style=""font-size:small""><span style=""color:#000000"">UAE Delivery</span></span></span></p>

<p><span style=""font-family:Helvetica Neue""><span style=""font-size:small""><span style=""color:#000000"">Next Day Delivery</span></span></span></p>

<p><span style=""font-family:Helvetica Neue""><span style=""font-size:small""><span style=""color:#000000"">Free delivery for orders 200 AED and above.</span></span></span></p>

<p><span style=""font-family:Helvetica Neue""><span style=""font-size:small""><span style=""color:#000000"">15 AED shipping fee for orders below 200 AED.</span></span></span></p>

<p>&nbsp;</p>

<p><span style=""font-family:Helvetica Neue""><span style=""font-size:small""><span style=""color:#000000"">International Delivery</span></span></span></p>

<p><span style=""font-family:Helvetica Neue""><span style=""font-size:small""><span style=""color:#000000"">4-10 days delivery</span></span></span></p>

<p><span style=""font-family:Helvetica Neue""><span style=""font-size:small""><span style=""color:#000000"">Free delivery for orders 200 AED and above.</span></span></span></p>

<p><span style=""font-family:Helvetica Neue""><span style=""font-size:small""><span style=""color:#000000"">Charges depending on the country of purchase</span></span></span></p>

<p>&nbsp;</p>

<p><span style=""font-family:Helvetica Neue""><span style=""font-size:small""><span style=""color:#000000"">All deliveries are offered based on availability.</span></span></span></p>

<p>&nbsp;</p>

<p><span style=""font-family:Helvetica Neue""><span style=""font-size:small""><span style=""color:#000000"">Non-Returnable Item</span></span></span></p>

<p><span style=""font-family:Helvetica Neue""><span style=""font-size:small""><span style=""color:#000000"">This item cannot be returned.</span></span></span></p>",,13,63a93caead84807825fe4e2b,"625d05bfad10bc2c6a9bb90e,625d1331ad10bc2c6a9bbd51",,2023-01-04T10:21:30.928Z,1,"<p><span style=""font-family:Helvetica Neue""><span style=""font-size:small""><span style=""color:#000000"">Probiotic Vida combines 13 different bacterial strains (probiotics) with different fibre sources (prebiotics). Probiotics are &ldquo;living microorgan- isms which, if consumed in appropriate quantities, are beneficial to the human body*&rdquo;. Examples of these bacteria are lactobacilli, bifidobacteria or enterococci. This physiological bacterial flora forms the foundation of the intestinal flora. Prebi- otics are non digestible food ingredients, which are metabolized by the intestinal bacteria in our large intestine. When a sufficient proportion of prebiotics is added to our diet, it promotes the growth and multiplication of the probiotics which then gives the probiotics a competitive advantage against other harmful microorganisms.</span></span></span></p>

<p><span style=""font-family:Helvetica Neue""><span style=""font-size:small""><span style=""color:#000000"">Probiotic Vida, taken with a balanced and varied diet, adds lactic acid bacteria to your gut, which is deemed to be physiologically advantageous.</span></span></span></p>",1,17.jpg,60,50,1,"61bd25a466538a1c1f366ac3,615ae18463d6a6435a183dcc",Probiotic Vida,"[
    {
      ""name"": ""Colour"",
      ""value"": ""#000000:3:858213:100, #c54245:12:858213:100""
    },
{
      ""name"": ""Size"",
      ""value"": “M:10:858213:100""
    }
  ]",10,0.5,154,6278b274b79069754ca2b7b0,3,1,123.2,Isle - 10,Probiotics And Prebiotics,858213,,100,"62e21370dd581c4c30360cf6,62e21397dd581c4c30360d04",,,63a93d06ad84807825fe4e34,https://youtube.com/shorts/_turRYAvbIU?feature=share,0.12,44,0,3910611,2023-01-01T01:10:30.928Z,2023-01-31T23:59:59.928Z,Zone-1,Abu Dhabi,2022-05-19T23:59:59.928Z,2024-10-20T23:59:59.928Z,ABC123,AA123,Switzerland,46.2,"Contains partially hydrolysed guar gum, inulin from chicory, psyllium husk powder and 300 billion bacteria. Net content 90 g.
13 different bacterial strains
10 billion bacteria per daily dosage
Contains living microorganisms (probiotics) and their food (prebiotics)",20
1,"<p><span style=""font-family:Helvetica Neue""><span style=""font-size:small""><span style=""color:#000000"">Details:</span></span></span></p>

<p><span style=""font-family:Helvetica Neue""><span style=""font-size:small""><span style=""color:#000000"">UAE Delivery</span></span></span></p>

<p><span style=""font-family:Helvetica Neue""><span style=""font-size:small""><span style=""color:#000000"">Next Day Delivery</span></span></span></p>

<p><span style=""font-family:Helvetica Neue""><span style=""font-size:small""><span style=""color:#000000"">Free delivery for orders 200 AED and above.</span></span></span></p>

<p><span style=""font-family:Helvetica Neue""><span style=""font-size:small""><span style=""color:#000000"">15 AED shipping fee for orders below 200 AED.</span></span></span></p>

<p>&nbsp;</p>

<p><span style=""font-family:Helvetica Neue""><span style=""font-size:small""><span style=""color:#000000"">International Delivery</span></span></span></p>

<p><span style=""font-family:Helvetica Neue""><span style=""font-size:small""><span style=""color:#000000"">4-10 days delivery</span></span></span></p>

<p><span style=""font-family:Helvetica Neue""><span style=""font-size:small""><span style=""color:#000000"">Free delivery for orders 200 AED and above.</span></span></span></p>

<p><span style=""font-family:Helvetica Neue""><span style=""font-size:small""><span style=""color:#000000"">Charges depending on the country of purchase</span></span></span></p>

<p>&nbsp;</p>

<p><span style=""font-family:Helvetica Neue""><span style=""font-size:small""><span style=""color:#000000"">All deliveries are offered based on availability.</span></span></span></p>

<p>&nbsp;</p>

<p><span style=""font-family:Helvetica Neue""><span style=""font-size:small""><span style=""color:#000000"">Non-Returnable Item</span></span></span></p>

<p><span style=""font-family:Helvetica Neue""><span style=""font-size:small""><span style=""color:#000000"">This item cannot be returned.</span></span></span></p>",,14,63a93caead84807825fe4e2b,"625d05bfad10bc2c6a9bb90e,625d1331ad10bc2c6a9bbd51",,2023-01-04T10:21:30.928Z,1,"<p><span style=""font-family:Helvetica Neue""><span style=""font-size:small""><span style=""color:#000000"">Coenzyme Q10 plays an important role in energy production in the body&rsquo;s mitochondria (&ldquo;cell- based power plants&rdquo;). The cellular energy supply is influenced by, among others, Q10. Q10 has an important physiological function in the human respiratory cycle. As we grow older, levels of co- enzyme Q10 in the blood and organs decrease. Hence, it may be wise to complement the Q10 requirement with food supplements.</span></span></span></p>

<p><span style=""font-family:Helvetica Neue""><span style=""font-size:small""><span style=""color:#000000"">Q10 Vida only contains bio-fermentatively pro- duced coenzyme Q10 and soy lecithin. It con- tains no additive or excipient substances. It is produced 100% naturally and differes from syn- thetically produced Q10. The capsule shell is made of HPMC which is of plant origin.</span></span></span></p>",1,18.jpg,60,50,1,"61bd25a466538a1c1f366ac3,615ae18463d6a6435a183dcc",Q10 Vida,"[
    {
      ""name"": ""Colour"",
      ""value"": ""#000000:3:859185:100, #c54245:12:859185:100""
    },
{
      ""name"": ""Size"",
      ""value"": “M:10:859185:100""
    }
  ]",10,0.5,189,6278b274b79069754ca2b7b0,3,1,151.2,Isle - 10,Cellular Energy With Coenzyme Q10,859185,,100,"62e21370dd581c4c30360cf6,62e21397dd581c4c30360d04",,,63a93d06ad84807825fe4e34,https://youtube.com/shorts/_turRYAvbIU?feature=share,0.12,44,0,3907673,2023-01-01T01:10:30.928Z,2023-01-31T23:59:59.928Z,Zone-1,Abu Dhabi,2022-05-19T23:59:59.928Z,2024-10-20T23:59:59.928Z,ABC123,AA123,Switzerland,56.7,"90 vegetarian capsules, 50 mg pure Coenzyme Q10 (lipid base). Net content 55 g.
Q10 – made using a bio-fermentative production method
No additives
Easier resorption due to lipid base",20
1,"<p><span style=""font-family:Helvetica Neue""><span style=""font-size:small""><span style=""color:#000000"">Details:</span></span></span></p>

<p><span style=""font-family:Helvetica Neue""><span style=""font-size:small""><span style=""color:#000000"">UAE Delivery</span></span></span></p>

<p><span style=""font-family:Helvetica Neue""><span style=""font-size:small""><span style=""color:#000000"">Next Day Delivery</span></span></span></p>

<p><span style=""font-family:Helvetica Neue""><span style=""font-size:small""><span style=""color:#000000"">Free delivery for orders 200 AED and above.</span></span></span></p>

<p><span style=""font-family:Helvetica Neue""><span style=""font-size:small""><span style=""color:#000000"">15 AED shipping fee for orders below 200 AED.</span></span></span></p>

<p>&nbsp;</p>

<p><span style=""font-family:Helvetica Neue""><span style=""font-size:small""><span style=""color:#000000"">International Delivery</span></span></span></p>

<p><span style=""font-family:Helvetica Neue""><span style=""font-size:small""><span style=""color:#000000"">4-10 days delivery</span></span></span></p>

<p><span style=""font-family:Helvetica Neue""><span style=""font-size:small""><span style=""color:#000000"">Free delivery for orders 200 AED and above.</span></span></span></p>

<p><span style=""font-family:Helvetica Neue""><span style=""font-size:small""><span style=""color:#000000"">Charges depending on the country of purchase</span></span></span></p>

<p>&nbsp;</p>

<p><span style=""font-family:Helvetica Neue""><span style=""font-size:small""><span style=""color:#000000"">All deliveries are offered based on availability.</span></span></span></p>

<p>&nbsp;</p>

<p><span style=""font-family:Helvetica Neue""><span style=""font-size:small""><span style=""color:#000000"">Non-Returnable Item</span></span></span></p>

<p><span style=""font-family:Helvetica Neue""><span style=""font-size:small""><span style=""color:#000000"">This item cannot be returned.</span></span></span></p>",,15,63a93caead84807825fe4e2b,"625d05bfad10bc2c6a9bb90e,625d1331ad10bc2c6a9bbd51",,2023-01-04T10:21:30.928Z,1,"<p><span style=""font-family:Helvetica Neue""><span style=""font-size:small""><span style=""color:#000000"">The Reishi mushroom is found all over the world and grows mainly on deciduous trees,preferably oak trees. It is also called, Ganoderma lucidum or Ling Zhi. Reishi is not aedible mushroom: it tastes bitter and its consistency is hard. In the Chinese tradition, it has been used for thousands of years as part of the diet to maintain good health. Thereit belongs to a group of the highest quality vital nutrients, which are translated as &ldquo;herbs of God&rdquo;. In Chinese the Reishi is called &ldquo;Ling Zhi&rdquo;, which means &ldquo;divine mushroom of&nbsp;</span></span></span><span style=""font-family:Helvetica Neue""><span style=""font-size:small""><span style=""color:#000000"">immortality&rdquo;.</span></span></span></p>

<p><span style=""font-family:Helvetica Neue""><span style=""font-size:small""><span style=""color:#000000"">During the growth of the fruiting body the Reishi produces many spores. These are considered especially valuable! Do you want to buy Reishi spores? Reishi Vida is a high-quality product containing organic spores of the Reishi mushroom.</span></span></span></p>",1,19.jpg,60,50,1,"61bd25a466538a1c1f366ac3,615ae18463d6a6435a183dcc",Reishi Vida,"[
    {
      ""name"": ""Colour"",
      ""value"": ""#000000:3:860157:100, #c54245:12:860157:100""
    },
{
      ""name"": ""Size"",
      ""value"": “M:10:860157:100""
    }
  ]",10,0.5,471,6278b274b79069754ca2b7b0,3,1,376.8,Isle - 10,"The Reishi Vida capsules contain only the pure natural product, without fillers, flavours or artificial colourings.",860157,,100,"62e21370dd581c4c30360cf6,62e21397dd581c4c30360d04",,,63a93d06ad84807825fe4e34,https://youtube.com/shorts/_turRYAvbIU?feature=share,0.12,44,0,3904735,2023-01-01T01:10:30.928Z,2023-01-31T23:59:59.928Z,Zone-1,Abu Dhabi,2022-05-19T23:59:59.928Z,2024-10-20T23:59:59.928Z,ABC123,AA123,Switzerland,141.3,"Key Ingredients
To date, about 400 different substances have been detected in Reishi, including bitter substances such as triterpenes, various polysaccharides, proteins, amino acids and fatty acids. The Reishi mushroom also contains various vitamins and minerals, albeit not in
significant amounts.
The oval, yellow-brown Reishi mushroom spores, which serve the fungi for asexual reproduction, exhibit a higher bioactivity than the rest of the mushroom. 1  Overall, Reishi is one of the best studied vital mushrooms and can contribute to maintaining good health through a balanced and varied diet and the variety of substances it contains.

What are the advantages of Reishi Vida?
The Reishi Vida capsules contain the particularly valuable powder from spores of organic Reishi mushrooms.
The Reishi is scientifically well documented.",20
1,"<p><span style=""font-family:Helvetica Neue""><span style=""font-size:small""><span style=""color:#000000"">Details:</span></span></span></p>

<p><span style=""font-family:Helvetica Neue""><span style=""font-size:small""><span style=""color:#000000"">UAE Delivery</span></span></span></p>

<p><span style=""font-family:Helvetica Neue""><span style=""font-size:small""><span style=""color:#000000"">Next Day Delivery</span></span></span></p>

<p><span style=""font-family:Helvetica Neue""><span style=""font-size:small""><span style=""color:#000000"">Free delivery for orders 200 AED and above.</span></span></span></p>

<p><span style=""font-family:Helvetica Neue""><span style=""font-size:small""><span style=""color:#000000"">15 AED shipping fee for orders below 200 AED.</span></span></span></p>

<p>&nbsp;</p>

<p><span style=""font-family:Helvetica Neue""><span style=""font-size:small""><span style=""color:#000000"">International Delivery</span></span></span></p>

<p><span style=""font-family:Helvetica Neue""><span style=""font-size:small""><span style=""color:#000000"">4-10 days delivery</span></span></span></p>

<p><span style=""font-family:Helvetica Neue""><span style=""font-size:small""><span style=""color:#000000"">Free delivery for orders 200 AED and above.</span></span></span></p>

<p><span style=""font-family:Helvetica Neue""><span style=""font-size:small""><span style=""color:#000000"">Charges depending on the country of purchase</span></span></span></p>

<p>&nbsp;</p>

<p><span style=""font-family:Helvetica Neue""><span style=""font-size:small""><span style=""color:#000000"">All deliveries are offered based on availability.</span></span></span></p>

<p>&nbsp;</p>

<p><span style=""font-family:Helvetica Neue""><span style=""font-size:small""><span style=""color:#000000"">Non-Returnable Item</span></span></span></p>

<p><span style=""font-family:Helvetica Neue""><span style=""font-size:small""><span style=""color:#000000"">This item cannot be returned.</span></span></span></p>",,16,63a93caead84807825fe4e2b,"625d05bfad10bc2c6a9bb90e,625d1331ad10bc2c6a9bbd51",,2023-01-04T10:21:30.928Z,1,"<p>OPC &ndash; an interesting ingredient in red wine extract. Red wine contains a remarkable proportion of OPC (Oligomeric Proanthocyanidins). For the grapes whose extract we use for Vino Vida, we pay attention to a particularly high OPC content. Another phytochemical in red wine is resveratrol.</p>

<p>In 1979 the French paradox was first described in the scientific journal The Lancet. This is the observation that French people on average have better blood vessel health, although they eat greasier, smoke more and do less exercise. A possible explanation could be the higher red wine consumption.</p>",1,20.jpg,60,50,1,"61bd25a466538a1c1f366ac3,615ae18463d6a6435a183dcc",Vino Vida,"[
    {
      ""name"": ""Colour"",
      ""value"": ""#000000:3:861129:100, #c54245:12:861129:100""
    },
{
      ""name"": ""Size"",
      ""value"": “M:10:861129:100""
    }
  ]",10,0.5,261,6278b274b79069754ca2b7b0,3,1,208.8,Isle - 10,The Vino capsules contain a highly concentrated extract of grape seeds,861129,,100,"62e21370dd581c4c30360cf6,62e21397dd581c4c30360d04",,,63a93d06ad84807825fe4e34,https://youtube.com/shorts/_turRYAvbIU?feature=share,0.12,44,0,3901797,2023-01-01T01:10:30.928Z,2023-01-31T23:59:59.928Z,Zone-1,Abu Dhabi,2022-05-19T23:59:59.928Z,2024-10-20T23:59:59.928Z,ABC123,AA123,Switzerland,78.3,"Protection against oxidative stress
Vino Vida is rich in natural vitamin C from acerola fruits.
Vitamin C contributes to normal collagen formation for normal blood vessel function.
Vitamin C helps to protect cells from oxidative stress.
Vitamin C contributes to normal functioning of the immune and nervous systems.
Vitamin C helps to reduce fatigue and tiredness.
High antioxidant capacity
The OPC capsules or the used grape seed extract from Italy, which is used for Vino Vida, has an excellent ORAC value of over 1’660’000 µmol TE/100g. The high antioxidant capacity comes from the intensive extraction and the very high polyphenol content. Click here for the corresponding test report..
OPC ingredients in grape seeds
There are different measuring methods to determine the true OPC content. The analysis method Vanillin-HCI is often used. This method has the property that the result of the OPC content is much higher, because additional catechins are added. For our OPC measurement we use the NP-HPLC method. This method shows a more accurate result.
However, this is massively lower. To show the comparison of both measuring methods, we have tested Vino Vida with both measuring methods. Here you can find the OPC analysis of Vino Vida.
The virtues of OPC without the disadvantages of alcohol OPCs are among the best-researched phytochemicals (see studies on PubMed). One capsule Vino Vida contains as much OPC as a liter of red wine, but no alcohol.",20
1,"<p><span style=""font-family:Helvetica Neue""><span style=""font-size:small""><span style=""color:#000000"">Details:</span></span></span></p>

<p><span style=""font-family:Helvetica Neue""><span style=""font-size:small""><span style=""color:#000000"">UAE Delivery</span></span></span></p>

<p><span style=""font-family:Helvetica Neue""><span style=""font-size:small""><span style=""color:#000000"">Next Day Delivery</span></span></span></p>

<p><span style=""font-family:Helvetica Neue""><span style=""font-size:small""><span style=""color:#000000"">Free delivery for orders 200 AED and above.</span></span></span></p>

<p><span style=""font-family:Helvetica Neue""><span style=""font-size:small""><span style=""color:#000000"">15 AED shipping fee for orders below 200 AED.</span></span></span></p>

<p>&nbsp;</p>

<p><span style=""font-family:Helvetica Neue""><span style=""font-size:small""><span style=""color:#000000"">International Delivery</span></span></span></p>

<p><span style=""font-family:Helvetica Neue""><span style=""font-size:small""><span style=""color:#000000"">4-10 days delivery</span></span></span></p>

<p><span style=""font-family:Helvetica Neue""><span style=""font-size:small""><span style=""color:#000000"">Free delivery for orders 200 AED and above.</span></span></span></p>

<p><span style=""font-family:Helvetica Neue""><span style=""font-size:small""><span style=""color:#000000"">Charges depending on the country of purchase</span></span></span></p>

<p>&nbsp;</p>

<p><span style=""font-family:Helvetica Neue""><span style=""font-size:small""><span style=""color:#000000"">All deliveries are offered based on availability.</span></span></span></p>

<p>&nbsp;</p>

<p><span style=""font-family:Helvetica Neue""><span style=""font-size:small""><span style=""color:#000000"">Non-Returnable Item</span></span></span></p>

<p><span style=""font-family:Helvetica Neue""><span style=""font-size:small""><span style=""color:#000000"">This item cannot be returned.</span></span></span></p>",,17,63a93caead84807825fe4e2b,"625d05bfad10bc2c6a9bb90e,625d1331ad10bc2c6a9bbd51",,2023-01-04T10:21:30.928Z,1,"<p><span style=""font-family:Helvetica Neue""><span style=""font-size:small""><span style=""color:#000000"">Vitamin D3&nbsp;or Cholecalciferol, is a precursor of Vitamin D. It is an inactive essential organic compound, which the body converts to the active form,&nbsp;Vitamin D. Our body produces/synthesises Vitamin D3 in our skin using sunlight. However, this process is dependent on various factors of sun exposure, such as the sun position, altitude and geographical location, the weather etc. This means that anything that gets between your skin and a clear blue sky has an impact on your body&rsquo;s dermal ability to produce Vitamin D from sunshine. So, in our (Swiss) latitude, the sun is too weak between November and April for dermal Vitamin D production. *</span></span></span></p>

<p><span style=""font-family:Helvetica Neue""><span style=""font-size:small""><span style=""color:#000000"">Why Coconut Oil?</span></span></span></p>

<p><span style=""font-family:Helvetica Neue""><span style=""font-size:small""><span style=""color:#000000"">Vitamin D3 is a lipid-soluble (fat) substance. For the body to absorbed Vitamin D, it should be taken with some form of lipid. In Vitamin D3 Vida we have added coconut oil as the required lipid.</span></span></span></p>

<p><span style=""font-family:Helvetica Neue""><span style=""font-size:small""><span style=""color:#000000"">Is vitamin D3 vegan?</span></span></span></p>

<p><span style=""font-family:Helvetica Neue""><span style=""font-size:small""><span style=""color:#000000"">The vitamin D3 contained in vitamin D3 Vida is extracted from wool fat (lanolin) in Germany and purified several times. Our Vitamin D3 Vida is vegetarian.</span></span></span></p>",1,21.jpg,60,50,1,"61bd25a466538a1c1f366ac3,615ae18463d6a6435a183dcc",Vitamin D3 vida,"[
    {
      ""name"": ""Colour"",
      ""value"": ""#000000:3:862101:100, #c54245:12:862101:100""
    },
{
      ""name"": ""Size"",
      ""value"": “M:10:862101:100""
    }
  ]",10,0.5,119,6278b274b79069754ca2b7b0,3,1,95.2,Isle - 10,"Vitamin D contributes to maintaining healthy bones, normal muscle
function, and healthy teeth.",862101,,100,"62e21370dd581c4c30360cf6,62e21397dd581c4c30360d04",,,63a93d06ad84807825fe4e34,https://youtube.com/shorts/_turRYAvbIU?feature=share,0.12,44,0,3898859,2023-01-01T01:10:30.928Z,2023-01-31T23:59:59.928Z,Zone-1,Abu Dhabi,2022-05-19T23:59:59.928Z,2024-10-20T23:59:59.928Z,ABC123,AA123,Switzerland,35.7,"Function of Vitamin D3
Vitamin D contributes to the normal functioning of the immune system.
Vitamin D contributes to maintaining normal calcium levels in the blood.
Vitamin D contributes to the normal intake and utilisation of calcium and phosphorus.
Vitamin D has an important function in cell division.
Vitamin D is required for healthy growth and healthy development of bones in children.
Advantage
Contains Vitamin D3 in a lipid (oil) base
1 drop contains 800 IU of Vitamin D3
1 x 30 ml bottle contains about 1100 drops which equates to about 894 000 IU of Vitamin D3
Attractively Priced
Filled in light-protected Miron Violett glass bottles. These guarantee the best storage quality.",20