active,shipping_return,attribute,batchno,brand,category,combo_products,created_date,deal,desc,featured,file,height,length,manage_stock,master_category,name,options,packaging_charge,point,price,product_types,return_day,returnable,selling_price,shelving_location,short_desc,sku,slug,stock_qty,sub_category,tags,tax_status,vendor,video_url,weight,width,margins,vendor_sku,start_date,end_date,bin_location,fulfilment_center,mfg_date,expiry_date,up_code,hs_code,country_of_origin,unit_cost,details,profit_margin
1,"<p><span style=""font-family:Helvetica Neue""><span style=""font-size:small""><span style=""color:#000000"">Details:</span></span></span></p>

<p><span style=""font-family:Helvetica Neue""><span style=""font-size:small""><span style=""color:#000000"">UAE Delivery</span></span></span></p>

<p><span style=""font-family:Helvetica Neue""><span style=""font-size:small""><span style=""color:#000000"">Next Day Delivery</span></span></span></p>

<p><span style=""font-family:Helvetica Neue""><span style=""font-size:small""><span style=""color:#000000"">Free delivery for orders 200 AED and above.</span></span></span></p>

<p><span style=""font-family:Helvetica Neue""><span style=""font-size:small""><span style=""color:#000000"">15 AED shipping fee for orders below 200 AED.</span></span></span></p>

<p>&nbsp;</p>

<p><span style=""font-family:Helvetica Neue""><span style=""font-size:small""><span style=""color:#000000"">International Delivery</span></span></span></p>

<p><span style=""font-family:Helvetica Neue""><span style=""font-size:small""><span style=""color:#000000"">4-10 days delivery</span></span></span></p>

<p><span style=""font-family:Helvetica Neue""><span style=""font-size:small""><span style=""color:#000000"">Free delivery for orders 200 AED and above.</span></span></span></p>

<p><span style=""font-family:Helvetica Neue""><span style=""font-size:small""><span style=""color:#000000"">Charges depending on the country of purchase</span></span></span></p>

<p>&nbsp;</p>

<p><span style=""font-family:Helvetica Neue""><span style=""font-size:small""><span style=""color:#000000"">All deliveries are offered based on availability.</span></span></span></p>

<p>&nbsp;</p>

<p><span style=""font-family:Helvetica Neue""><span style=""font-size:small""><span style=""color:#000000"">Non-Returnable Item</span></span></span></p>

<p><span style=""font-family:Helvetica Neue""><span style=""font-size:small""><span style=""color:#000000"">This item cannot be returned.</span></span></span></p>",,,63a93caead84807825fe4e2b,"625d05bfad10bc2c6a9bb90e,625d1331ad10bc2c6a9bbd51",,2022-12-26T10:21:30.928Z,1,"<p><span style=""font-family:Helvetica Neue""><span style=""font-size:small""><span style=""color:#000000"">Amino acids are the building blocks of proteins. In the body, they are composed of long protein chains. These are among the most important components in the human body and they are involved in a multitude of vital processes. </span></span></span></p>

<p><span style=""font-family:Helvetica Neue""><span style=""font-size:small""><span style=""color:#000000"">Amino Vida contains very pure, crystalline amino acids from pulses of natural origin. It is classified as vegan and is additive free. Amino Vida provides the human body with an optimal amino acid combination and is almost calorie-free. It is bio available to the body shortly after ingestion. </span></span></span></p>

<p><span style=""font-family:Helvetica Neue""><span style=""font-size:small""><span style=""color:#000000"">Amino Vida contains all eight essential amino acids L-leucine, L-valine, L-isoleucine, L-lysine, L-phenylalanine, L-threonine, L-methionine and L-tryptophan as well as the semi-essential amino acid, L-arginine. L-arginine is deemed semiessential as it can be synthesised by the human body. In certain circum- stances (e.g. age, growth phases, diseases, or physical activi- ty), L-arginine can also become essential to the body. </span></span></span></p>

<p><span style=""font-family:Helvetica Neue""><span style=""font-size:small""><span style=""color:#000000"">Amino Vida contains all essential amino acids and is ideal for people with an increased demand, e.g.: </span></span></span></p>

<p><span style=""font-family:Helvetica Neue""><span style=""font-size:small""><span style=""color:#000000"">high physical exertion &ndash; i.e. sports people vegetarian or vegan lifestyle<br />
those with special dietary nutrition programs who desires the optimal uptake of amino acids. </span></span></span></p>

<p><span style=""font-family:Helvetica Neue""><span style=""font-size:small""><span style=""color:#000000"">For people who should not take in L-tryptophan for dietary reasons, Amino Vida is also available in a variant without L- tryptophan: Amino Eight. </span></span></span></p>",1,1.jpg,55,10,1,"61bd25a466538a1c1f366ac3,615ae18463d6a6435a183dcc",Amino Vida,,10,0.5,238,6278b274b79069754ca2b7b0,3,1,320,Isle - 10,Amino Acids From Pulses,14515,,100,"62e21370dd581c4c30360cf6,62e21397dd581c4c30360d04","No Animal Testing, GMO Free, 100% Natural, Gluten Free, Swiss Made",,63a93d06ad84807825fe4e34,,0.12,44,20,3945867,2022-12-20T01:10:30.928Z,2022-12-31T23:59:59.928Z,Zone-1,Abu Dhabi,2022-05-19T23:59:59.928Z,2024-10-20T23:59:59.928Z,ABC123,AA123,Switzerland,79,"240 tablets each containing 500 mg of amino acids. Net weight 120 g.
Amino Vida
8 essential amino acids plus
L-Arginine, incl. L-Tryptophan
Amino Eight
7 essential amino acids plus L-Arginine, without L-Tryptophan",
